Protein1,Residue1,Protein2,Residue2
Abeta.0,8,TREM2.0,57
Abeta.0,8,TREM2.0,42
Abeta.0,28,TREM2.0,116
Abeta.0,26,TREM2.0,123
Abeta.0,26,Abeta.0,28
TREM2.0,120,TREM2.0,123
TREM2.0,57,TREM2.0,65
TREM2.0,116,TREM2.0,123
TREM2.0,57,TREM2.0,81
TREM2.0,31,TREM2.0,57
Abeta.1,8,TREM2.1,57
Abeta.1,8,TREM2.1,42
Abeta.1,28,TREM2.1,116
Abeta.1,26,TREM2.1,123
Abeta.1,26,Abeta.1,28
TREM2.1,120,TREM2.1,123
TREM2.1,57,TREM2.1,65
TREM2.1,116,TREM2.1,123
TREM2.1,57,TREM2.1,81
TREM2.1,31,TREM2.1,57
Abeta.2,8,TREM2.2,57
Abeta.2,8,TREM2.2,42
Abeta.2,28,TREM2.2,116
Abeta.2,26,TREM2.2,123
Abeta.2,26,Abeta.2,28
TREM2.2,120,TREM2.2,123
TREM2.2,57,TREM2.2,65
TREM2.2,116,TREM2.2,123
TREM2.2,57,TREM2.2,81
TREM2.2,31,TREM2.2,57